[{"model": "contenttypes.contenttype", "pk": 1, "fields": {"app_label": "admin", "model": "logentry"}}, {"model": "contenttypes.contenttype", "pk": 2, "fields": {"app_label": "auth", "model": "permission"}}, {"model": "contenttypes.contenttype", "pk": 3, "fields": {"app_label": "auth", "model": "group"}}, {"model": "contenttypes.contenttype", "pk": 4, "fields": {"app_label": "auth", "model": "user"}}, {"model": "contenttypes.contenttype", "pk": 5, "fields": {"app_label": "contenttypes", "model": "contenttype"}}, {"model": "contenttypes.contenttype", "pk": 6, "fields": {"app_label": "sessions", "model": "session"}}, {"model": "contenttypes.contenttype", "pk": 7, "fields": {"app_label": "blog", "model": "blogtype"}}, {"model": "contenttypes.contenttype", "pk": 8, "fields": {"app_label": "blog", "model": "blog"}}, {"model": "contenttypes.contenttype", "pk": 9, "fields": {"app_label": "blog", "model": "readnum"}}, {"model": "contenttypes.contenttype", "pk": 10, "fields": {"app_label": "read_statistics", "model": "readnum"}}, {"model": "contenttypes.contenttype", "pk": 11, "fields": {"app_label": "read_statistics", "model": "readdetail"}}, {"model": "contenttypes.contenttype", "pk": 12, "fields": {"app_label": "comment", "model": "comment"}}, {"model": "contenttypes.contenttype", "pk": 13, "fields": {"app_label": "likes", "model": "likecount"}}, {"model": "contenttypes.contenttype", "pk": 14, "fields": {"app_label": "likes", "model": "likerecord"}}, {"model": "contenttypes.contenttype", "pk": 15, "fields": {"app_label": "user", "model": "profile"}}, {"model": "sessions.session", "pk": "85u5czyucounximvok0mpvlm8kvocnpz", "fields": {"session_data": "NmU0NDZiYmRkMGZiYThjYjAwMDdhMzI3MWZlNjIzMDBjZTdjYmZiZDp7Il9hdXRoX3VzZXJfaWQiOiIxIiwiX2F1dGhfdXNlcl9iYWNrZW5kIjoiZGphbmdvLmNvbnRyaWIuYXV0aC5iYWNrZW5kcy5Nb2RlbEJhY2tlbmQiLCJfYXV0aF91c2VyX2hhc2giOiI2OTYxNzYyZTYwNjM3YTRlZDEwZWIxMzFjZmJhNGU0MTdlZmJhNjY1In0=", "expire_date": "2019-10-11T14:49:16.200Z"}}, {"model": "sessions.session", "pk": "a6gkmo75yvfji3e7jm540qamd0qy5i15", "fields": {"session_data": "MmNlZGRhZDRjM2U2NzFhNjQ3ODk5ZDc2OTZhNjc3OWQ2ZWU0NzY5OTp7fQ==", "expire_date": "2019-10-17T12:26:31.408Z"}}, {"model": "sessions.session", "pk": "ne1p6e2dflz71owwp4xxjp33xtgo8v8n", "fields": {"session_data": "NmU0NDZiYmRkMGZiYThjYjAwMDdhMzI3MWZlNjIzMDBjZTdjYmZiZDp7Il9hdXRoX3VzZXJfaWQiOiIxIiwiX2F1dGhfdXNlcl9iYWNrZW5kIjoiZGphbmdvLmNvbnRyaWIuYXV0aC5iYWNrZW5kcy5Nb2RlbEJhY2tlbmQiLCJfYXV0aF91c2VyX2hhc2giOiI2OTYxNzYyZTYwNjM3YTRlZDEwZWIxMzFjZmJhNGU0MTdlZmJhNjY1In0=", "expire_date": "2019-10-12T01:27:12.166Z"}}, {"model": "sessions.session", "pk": "nu6r166l8xsq50rbv24q288ts8y5duco", "fields": {"session_data": "NmU0NDZiYmRkMGZiYThjYjAwMDdhMzI3MWZlNjIzMDBjZTdjYmZiZDp7Il9hdXRoX3VzZXJfaWQiOiIxIiwiX2F1dGhfdXNlcl9iYWNrZW5kIjoiZGphbmdvLmNvbnRyaWIuYXV0aC5iYWNrZW5kcy5Nb2RlbEJhY2tlbmQiLCJfYXV0aF91c2VyX2hhc2giOiI2OTYxNzYyZTYwNjM3YTRlZDEwZWIxMzFjZmJhNGU0MTdlZmJhNjY1In0=", "expire_date": "2019-10-13T06:34:00.513Z"}}, {"model": "sessions.session", "pk": "rwstmabkxbjx0duyt5n91roii0r0c7la", "fields": {"session_data": "MmNlZGRhZDRjM2U2NzFhNjQ3ODk5ZDc2OTZhNjc3OWQ2ZWU0NzY5OTp7fQ==", "expire_date": "2019-10-17T12:27:08.048Z"}}, {"model": "sessions.session", "pk": "spptcdicdvywj3wwqep0ddbuj7749t5u", "fields": {"session_data": "MmNlZGRhZDRjM2U2NzFhNjQ3ODk5ZDc2OTZhNjc3OWQ2ZWU0NzY5OTp7fQ==", "expire_date": "2019-10-17T12:27:03.928Z"}}, {"model": "blog.blogtype", "pk": 1, "fields": {"type_name": "Django"}}, {"model": "blog.blogtype", "pk": 2, "fields": {"type_name": "\u968f\u7b14"}}, {"model": "blog.blogtype", "pk": 3, "fields": {"type_name": "\u611f\u609f"}}, {"model": "read_statistics.readnum", "pk": 1, "fields": {"read_num": 5, "content_type": 8, "object_id": 5}}, {"model": "read_statistics.readnum", "pk": 2, "fields": {"read_num": 4, "content_type": 8, "object_id": 54}}, {"model": "read_statistics.readnum", "pk": 3, "fields": {"read_num": 3, "content_type": 8, "object_id": 53}}, {"model": "read_statistics.readnum", "pk": 4, "fields": {"read_num": 2, "content_type": 8, "object_id": 51}}, {"model": "read_statistics.readnum", "pk": 5, "fields": {"read_num": 2, "content_type": 8, "object_id": 50}}, {"model": "read_statistics.readnum", "pk": 6, "fields": {"read_num": 1, "content_type": 8, "object_id": 49}}, {"model": "read_statistics.readnum", "pk": 7, "fields": {"read_num": 1, "content_type": 8, "object_id": 48}}, {"model": "read_statistics.readnum", "pk": 8, "fields": {"read_num": 1, "content_type": 8, "object_id": 47}}, {"model": "read_statistics.readnum", "pk": 9, "fields": {"read_num": 1, "content_type": 8, "object_id": 46}}, {"model": "read_statistics.readnum", "pk": 10, "fields": {"read_num": 1, "content_type": 8, "object_id": 6}}, {"model": "read_statistics.readdetail", "pk": 1, "fields": {"date": "2019-10-02", "read_num": 13, "content_type": 8, "object_id": 6}}, {"model": "read_statistics.readdetail", "pk": 2, "fields": {"date": "2019-10-01", "read_num": 12, "content_type": 8, "object_id": 7}}, {"model": "read_statistics.readdetail", "pk": 3, "fields": {"date": "2019-10-03", "read_num": 1, "content_type": 8, "object_id": 54}}, {"model": "read_statistics.readdetail", "pk": 4, "fields": {"date": "2019-10-04", "read_num": 1, "content_type": 8, "object_id": 53}}, {"model": "read_statistics.readdetail", "pk": 5, "fields": {"date": "2019-10-05", "read_num": 1, "content_type": 8, "object_id": 51}}, {"model": "read_statistics.readdetail", "pk": 6, "fields": {"date": "2019-10-05", "read_num": 1, "content_type": 8, "object_id": 50}}, {"model": "read_statistics.readdetail", "pk": 7, "fields": {"date": "2019-10-08", "read_num": 1, "content_type": 8, "object_id": 54}}, {"model": "read_statistics.readdetail", "pk": 8, "fields": {"date": "2019-10-08", "read_num": 1, "content_type": 8, "object_id": 53}}, {"model": "read_statistics.readdetail", "pk": 9, "fields": {"date": "2019-10-09", "read_num": 1, "content_type": 8, "object_id": 54}}, {"model": "likes.likecount", "pk": 1, "fields": {"content_type": 8, "object_id": 54, "liked_num": 0}}, {"model": "likes.likecount", "pk": 2, "fields": {"content_type": 8, "object_id": 53, "liked_num": 1}}, {"model": "likes.likecount", "pk": 3, "fields": {"content_type": 8, "object_id": 51, "liked_num": 0}}, {"model": "likes.likecount", "pk": 4, "fields": {"content_type": 8, "object_id": 50, "liked_num": 0}}, {"model": "likes.likecount", "pk": 5, "fields": {"content_type": 8, "object_id": 49, "liked_num": 0}}, {"model": "likes.likecount", "pk": 6, "fields": {"content_type": 12, "object_id": 24, "liked_num": 0}}, {"model": "likes.likecount", "pk": 7, "fields": {"content_type": 12, "object_id": 23, "liked_num": 0}}, {"model": "likes.likecount", "pk": 8, "fields": {"content_type": 12, "object_id": 22, "liked_num": 0}}, {"model": "likes.likecount", "pk": 9, "fields": {"content_type": 12, "object_id": 18, "liked_num": 1}}, {"model": "likes.likecount", "pk": 10, "fields": {"content_type": 12, "object_id": 17, "liked_num": 0}}, {"model": "likes.likecount", "pk": 11, "fields": {"content_type": 12, "object_id": 16, "liked_num": 0}}, {"model": "likes.likecount", "pk": 12, "fields": {"content_type": 12, "object_id": 21, "liked_num": 1}}, {"model": "likes.likecount", "pk": 13, "fields": {"content_type": 12, "object_id": 15, "liked_num": 0}}, {"model": "likes.likecount", "pk": 14, "fields": {"content_type": 12, "object_id": 14, "liked_num": 0}}, {"model": "likes.likecount", "pk": 15, "fields": {"content_type": 12, "object_id": 13, "liked_num": 0}}, {"model": "likes.likecount", "pk": 16, "fields": {"content_type": 12, "object_id": 12, "liked_num": 0}}, {"model": "likes.likecount", "pk": 17, "fields": {"content_type": 12, "object_id": 11, "liked_num": 0}}, {"model": "likes.likecount", "pk": 18, "fields": {"content_type": 12, "object_id": 10, "liked_num": 0}}, {"model": "likes.likecount", "pk": 19, "fields": {"content_type": 12, "object_id": 9, "liked_num": 0}}, {"model": "likes.likecount", "pk": 20, "fields": {"content_type": 12, "object_id": 8, "liked_num": 0}}, {"model": "likes.likecount", "pk": 21, "fields": {"content_type": 12, "object_id": 7, "liked_num": 0}}, {"model": "likes.likecount", "pk": 22, "fields": {"content_type": 12, "object_id": 6, "liked_num": 0}}, {"model": "likes.likecount", "pk": 23, "fields": {"content_type": 12, "object_id": 5, "liked_num": 0}}, {"model": "likes.likecount", "pk": 24, "fields": {"content_type": 12, "object_id": 4, "liked_num": 0}}, {"model": "likes.likecount", "pk": 25, "fields": {"content_type": 12, "object_id": 3, "liked_num": 0}}, {"model": "likes.likecount", "pk": 26, "fields": {"content_type": 12, "object_id": 2, "liked_num": 0}}, {"model": "likes.likecount", "pk": 27, "fields": {"content_type": 12, "object_id": 41, "liked_num": 1}}, {"model": "likes.likecount", "pk": 28, "fields": {"content_type": 12, "object_id": 42, "liked_num": 1}}, {"model": "likes.likecount", "pk": 29, "fields": {"content_type": 12, "object_id": 32, "liked_num": 0}}, {"model": "likes.likecount", "pk": 30, "fields": {"content_type": 12, "object_id": 34, "liked_num": 0}}, {"model": "likes.likecount", "pk": 31, "fields": {"content_type": 12, "object_id": 31, "liked_num": 0}}, {"model": "likes.likecount", "pk": 32, "fields": {"content_type": 12, "object_id": 33, "liked_num": 0}}, {"model": "likes.likecount", "pk": 33, "fields": {"content_type": 12, "object_id": 28, "liked_num": 0}}, {"model": "likes.likecount", "pk": 34, "fields": {"content_type": 12, "object_id": 29, "liked_num": 0}}, {"model": "likes.likecount", "pk": 35, "fields": {"content_type": 12, "object_id": 30, "liked_num": 0}}, {"model": "likes.likecount", "pk": 36, "fields": {"content_type": 12, "object_id": 35, "liked_num": 0}}, {"model": "likes.likecount", "pk": 37, "fields": {"content_type": 12, "object_id": 26, "liked_num": 0}}, {"model": "likes.likecount", "pk": 38, "fields": {"content_type": 12, "object_id": 27, "liked_num": 0}}, {"model": "likes.likecount", "pk": 39, "fields": {"content_type": 12, "object_id": 25, "liked_num": 0}}, {"model": "likes.likecount", "pk": 40, "fields": {"content_type": 12, "object_id": 19, "liked_num": 0}}, {"model": "auth.permission", "pk": 1, "fields": {"name": "Can add log entry", "content_type": 1, "codename": "add_logentry"}}, {"model": "auth.permission", "pk": 2, "fields": {"name": "Can change log entry", "content_type": 1, "codename": "change_logentry"}}, {"model": "auth.permission", "pk": 3, "fields": {"name": "Can delete log entry", "content_type": 1, "codename": "delete_logentry"}}, {"model": "auth.permission", "pk": 4, "fields": {"name": "Can add permission", "content_type": 2, "codename": "add_permission"}}, {"model": "auth.permission", "pk": 5, "fields": {"name": "Can change permission", "content_type": 2, "codename": "change_permission"}}, {"model": "auth.permission", "pk": 6, "fields": {"name": "Can delete permission", "content_type": 2, "codename": "delete_permission"}}, {"model": "auth.permission", "pk": 7, "fields": {"name": "Can add group", "content_type": 3, "codename": "add_group"}}, {"model": "auth.permission", "pk": 8, "fields": {"name": "Can change group", "content_type": 3, "codename": "change_group"}}, {"model": "auth.permission", "pk": 9, "fields": {"name": "Can delete group", "content_type": 3, "codename": "delete_group"}}, {"model": "auth.permission", "pk": 10, "fields": {"name": "Can add user", "content_type": 4, "codename": "add_user"}}, {"model": "auth.permission", "pk": 11, "fields": {"name": "Can change user", "content_type": 4, "codename": "change_user"}}, {"model": "auth.permission", "pk": 12, "fields": {"name": "Can delete user", "content_type": 4, "codename": "delete_user"}}, {"model": "auth.permission", "pk": 13, "fields": {"name": "Can add content type", "content_type": 5, "codename": "add_contenttype"}}, {"model": "auth.permission", "pk": 14, "fields": {"name": "Can change content type", "content_type": 5, "codename": "change_contenttype"}}, {"model": "auth.permission", "pk": 15, "fields": {"name": "Can delete content type", "content_type": 5, "codename": "delete_contenttype"}}, {"model": "auth.permission", "pk": 16, "fields": {"name": "Can add session", "content_type": 6, "codename": "add_session"}}, {"model": "auth.permission", "pk": 17, "fields": {"name": "Can change session", "content_type": 6, "codename": "change_session"}}, {"model": "auth.permission", "pk": 18, "fields": {"name": "Can delete session", "content_type": 6, "codename": "delete_session"}}, {"model": "auth.permission", "pk": 19, "fields": {"name": "Can add blog type", "content_type": 7, "codename": "add_blogtype"}}, {"model": "auth.permission", "pk": 20, "fields": {"name": "Can change blog type", "content_type": 7, "codename": "change_blogtype"}}, {"model": "auth.permission", "pk": 21, "fields": {"name": "Can delete blog type", "content_type": 7, "codename": "delete_blogtype"}}, {"model": "auth.permission", "pk": 22, "fields": {"name": "Can add blog", "content_type": 8, "codename": "add_blog"}}, {"model": "auth.permission", "pk": 23, "fields": {"name": "Can change blog", "content_type": 8, "codename": "change_blog"}}, {"model": "auth.permission", "pk": 24, "fields": {"name": "Can delete blog", "content_type": 8, "codename": "delete_blog"}}, {"model": "auth.permission", "pk": 25, "fields": {"name": "Can add read num", "content_type": 9, "codename": "add_readnum"}}, {"model": "auth.permission", "pk": 26, "fields": {"name": "Can change read num", "content_type": 9, "codename": "change_readnum"}}, {"model": "auth.permission", "pk": 27, "fields": {"name": "Can delete read num", "content_type": 9, "codename": "delete_readnum"}}, {"model": "auth.permission", "pk": 28, "fields": {"name": "Can add read num", "content_type": 10, "codename": "add_readnum"}}, {"model": "auth.permission", "pk": 29, "fields": {"name": "Can change read num", "content_type": 10, "codename": "change_readnum"}}, {"model": "auth.permission", "pk": 30, "fields": {"name": "Can delete read num", "content_type": 10, "codename": "delete_readnum"}}, {"model": "auth.permission", "pk": 31, "fields": {"name": "Can add read detail", "content_type": 11, "codename": "add_readdetail"}}, {"model": "auth.permission", "pk": 32, "fields": {"name": "Can change read detail", "content_type": 11, "codename": "change_readdetail"}}, {"model": "auth.permission", "pk": 33, "fields": {"name": "Can delete read detail", "content_type": 11, "codename": "delete_readdetail"}}, {"model": "auth.permission", "pk": 34, "fields": {"name": "Can add comment", "content_type": 12, "codename": "add_comment"}}, {"model": "auth.permission", "pk": 35, "fields": {"name": "Can change comment", "content_type": 12, "codename": "change_comment"}}, {"model": "auth.permission", "pk": 36, "fields": {"name": "Can delete comment", "content_type": 12, "codename": "delete_comment"}}, {"model": "auth.permission", "pk": 37, "fields": {"name": "Can add like count", "content_type": 13, "codename": "add_likecount"}}, {"model": "auth.permission", "pk": 38, "fields": {"name": "Can change like count", "content_type": 13, "codename": "change_likecount"}}, {"model": "auth.permission", "pk": 39, "fields": {"name": "Can delete like count", "content_type": 13, "codename": "delete_likecount"}}, {"model": "auth.permission", "pk": 40, "fields": {"name": "Can add like record", "content_type": 14, "codename": "add_likerecord"}}, {"model": "auth.permission", "pk": 41, "fields": {"name": "Can change like record", "content_type": 14, "codename": "change_likerecord"}}, {"model": "auth.permission", "pk": 42, "fields": {"name": "Can delete like record", "content_type": 14, "codename": "delete_likerecord"}}, {"model": "auth.permission", "pk": 43, "fields": {"name": "Can add profile", "content_type": 15, "codename": "add_profile"}}, {"model": "auth.permission", "pk": 44, "fields": {"name": "Can change profile", "content_type": 15, "codename": "change_profile"}}, {"model": "auth.permission", "pk": 45, "fields": {"name": "Can delete profile", "content_type": 15, "codename": "delete_profile"}}, {"model": "auth.user", "pk": 1, "fields": {"password": "pbkdf2_sha256$100000$ENaeDBY3cAzQ$yplRIQxhBqlo485hkrfiEqFql2AXVuMfx1HeKMUktJg=", "last_login": "2019-10-08T14:18:06.872Z", "is_superuser": true, "username": "pc", "first_name": "", "last_name": "", "email": "wuaong@163.com", "is_staff": true, "is_active": true, "date_joined": "2019-09-26T13:08:24Z", "groups": [], "user_permissions": []}}, {"model": "blog.blog", "pk": 1, "fields": {"title": "\u7b2c\u4e00\u7bc7\u535a\u5ba2", "blog_type": 1, "content": "11111111111111111111111111111111111111111111111111111111111111111111", "author": 1, "created_time": "2019-09-26T13:21:58.939Z", "last_updated_time": "2019-09-26T13:21:58.939Z"}}, {"model": "blog.blog", "pk": 2, "fields": {"title": "\u7b2c\u4e8c\u7bc7\u535a\u5ba2", "blog_type": 2, "content": "222222222222222222222222222222222222", "author": 1, "created_time": "2019-09-26T13:22:08.348Z", "last_updated_time": "2019-09-26T13:22:08.348Z"}}, {"model": "blog.blog", "pk": 3, "fields": {"title": "\u7b2c\u4e09\u7bc7\u535a\u5ba2", "blog_type": 3, "content": "3333333333333333333333333333333333333333333333", "author": 1, "created_time": "2019-09-26T13:22:17.380Z", "last_updated_time": "2019-09-26T13:22:17.380Z"}}, {"model": "blog.blog", "pk": 4, "fields": {"title": "\u7b2c\u56db\u7bc7\u535a\u5ba2", "blog_type": 1, "content": "444444444444444444444444444444444444444444444444444444444444444444444444444444444444444444444444444444444444444444444444444444444444444444444444444444444444444444444444444444444444444444444444444444444444444444444444444444444444444444444444444444444444444444444444444444444444444444444444444444444444444444444444444444444444444444444444444444444444444444444444444444444444444444444444444444444444444444444444444444444444444444444444444444444 sd444444444444444444444444444444444444444444444444444444444444444444444444444444444444444444444444444444444444444444444444444444444444444444444444444444444444444444444444444444444444444444444444444444444444444444444444444444444444444444444444444444444444444444444444444444444444444444444444444444444444444444444444444444444444444444444444444444444444444444444444444444444444444444444444444444444444444444444444444444444444444444444444444444444444444444444444444444444444444444444444444444444444444444444444444444444444444444444444444444444444444444444444444444444444444444444444444444444444444444444444444444444444444444444444444444444444444444444444444444444444444444444444444444444444444444444444444444444444444444444444444444444444444444444444444444444444444444444444444444444444444444444444444444444444444444444444444444444444444444444444444444444444444444444444444444444444444444444444444444444444444444444444444444444444444444444444444444444444444444444444444444444444444444444444444444444444444444444444444444444444444444444444444444444444444444444444444444444444444444444444444444444444444444444444444444444444444444444444444444444444444444444444444444444444444444444444444444444444444444444444444444444444444444444444444444444444444444444444444444444444444444444444444444444444444444444444444444444444444444444444444444444444444444444444444444444444444444444444444444444444444444444444444444444444444444444444444444444444444444444444444444444444444444444444444444444444444444444444444444444444444444444444444444444444444444444444444444444444444444444444444444444444444444444444444444444444444444444444444444444444444444444444444444444444444444444444444444444444444444444444444444444444444444444444444444444444444444444444444444444444444444444444444444444444444444444444444444444444444444444444444444444444444444444444444444444444444444444444444444444444444444444444444444444444444444444444444444444444444444444444444444444444444444444444444444444444444444444444444444444444444444444444444444444444444444444444444444444444444444444444444444444444444444444444444444444444444444444444444444444444444444444444444444444444444444444444444444444444444444444444444444444444444444444444444444444444444444444444444444444444444444444444444444444444444444444444444444444444444444444444444444444444444444444444444444444444444444444444444444444444444444444444444444444444444444444444444444444444444444444444444444444444444444444444444444444444444444444444444444444444444444444444444444444444444444444444444444444444444444444444444444444444444444444444444444444444444444444444444444444444444444444444444444444444444444444444444444444444444444444444444444444444444444444444444444444444444444444444444444444444444444444444444444444444444444444444444444444444444444444444444444444444444444444444444444444444444444444444444444444444444444444444444444444444444444444444444444444444444444444444444444444444444444444444444444444444444444444444444444444444444444444444444444444444444444444444444444444444444444444444444444444444444444444444444444444444444444444444444444444444444444444444444444444444444444444444444444444444444444444444444444444444444444444444444444444444444444444444444444444444444444444444444444444444444444444444444444444444444444444444444444444444444444444444444444444444444444444444444444444444444444444444444444444444444444444444444444444444444444444444444444444444444444444444444444444444444444444444444444444444444444444444444444444444444444444444444444444444444444444444444444444444444444444444444444444444444444444444444444444444444444444444444444444444444444444444444444444444444444444444444444444444444444444444444444444444444444444444444444444444444444444444444444444444444444444444444444444444444444444444444444444444444444444444444444444444444444444444444444444444444444444444444444444444444444444444444444444444444444444444444444444444444444444444444444444444444444444444444444444444444444444444444444444444444444444444444444444444444444444444444444444444444444444444444444444444444444444444444444444444444444444444444444444444444444444444444444444444444444444444444444444444444444444444444444444444444444444444444444444444444444444444444444444444444444444444444444444444444444444444444444444444444444444444444444444444444444444444444444444444444444444444444444444444444444444444444444444444444444444444444444444444444444444444444444444444444444444444444444444444444444444444444444444444444444444444444444444444444444444444444444444444444444444444444444444444444444444444444444444444444444444444444444444444444444444444444444444444444444444444444444444444444444444444444444444444444444444444444444444444444444444444444444444444444444444444444444444444444444444444444444444444444444444444444444444444444444444444444444444444444444444444444444444444444444444444444444444444444444444444444444444444444444444444444444444444444444444444444444444444444444444444444444444444444444444444444444444444444444444444444444444444444444444444444444444444444444444444444444444444444444444444444444444444444444444444444444444444444444444444444444444444444444444444444444444444444444444444444444444444444444444444444444444444444444444444444444444444444444444444444444444444444444444444444444444444444444444444444444444444444444444444444444444444444444444444444444444444444444444444444444444444444444444444444444444444444444444444444444444444444444444444444444444444444444444444444444444444444444444444444444444444444444444444444444444444444444444444444444444444444444444444444444444444444444444444444444444444444444444444444444444444444444444444444444444444444444444444444444444444444444444444444444444444444444444444444444444444444444444444444444444444444444444444444444444444444444444444444444444444444444444444444444444444444444444444444444444444444444444444444444444444444444444444444444444444444444444444444444444444444444444444444444444444444444444444444444444444444444444444444444444444444444444444444444444444444444444444444444444444444444444444444444444444444444444444444444444444444444444444444444444444444444444444444444444444444444444444444444444444444444444444444444444444444444444444444444444444444444444444444444444444444444444444444444444444444444444444444444444444444444444444444444444444444444444444444444444444444444444444444444444444444444444444444444444444444444444444444444444444444444444444444444444444444444444444444444444444444444444444444444444444444444444444444444444444444444444444444444444444444444444444444444444444444444444444444444444444444444444444444444444444444444444444444444444444444444444444444444444444444444444444444444444444444444444444444444444444444444444444444444444444444444444444444444444444444444444444444444444444444444444444444444444444444444444444444444444444444444444444444444444444444444444444444444444444444444444444444444444444444444444444444444444444444444444444444444444444444444444444444444444444444444444444444444444444444444444444444444444444444444444444444444444444444444444444444444444444444444444444444444444444444444444444444444444444444444444444444444444444444444444444444444444444444444444444444444444444444444444444444444444444444444444444444444444444444444444444444444444444444444444444444444444444444444444444444444444444444444444444444444444444444444444444444444444444444444444444444444444444444444444444444444444444444444444444444444444444444444444444444444444444444444444444444444444444444444444444444444444444444444444444444444444444444444444444444444444444444444444444444444444444444444444444444444444444444444444444444444444444444444444444444444444444444444444444444444444444444444444444444444444444444444444444444444444444444444444444444444444444444444444444444444444444444444444444444444444444444444444444444444444444444444444444444444444444444444444444444444444444444444444444444444444444444444444444444444444444444444444444444444444444444444444444444444444444444444444444444444444444444444444444444444444444444444444444444444444444444444444444444444444444444444444444444444444444444444444444444444444444444444444444444444444444444444444444444444444444444444444444444444444444444444444444444444444444444444444444444444444444444444444444444444444444444444444444444444444444444444444444444444444444444444444444444444444444444444444444444444444444444444444444444444444444444444444444444444444444444444444444444444444444444444444444444444444444444444444444444444444444444444444444444444444444444444444444444444444444444444444444444444444444444444444444444444444444444444444444444444444444444444444444444444444444444444444444444444444444444444444444444444444444444444444444444444444444444444444444444444444444444444444444444444444444444444444444444444444444444444444444444444444444444444444444444444444444444444444444444444444444444444444444444444444444444444444444444444444444444444444444444444444444444444444444444444444444444444444444444444444444444444444444444444444444444444444444444444444444444444444444444444444444444444444444444444444444444444444444444444444444444444444444444444444444444444444444444444444444444444444444444444444444444444444444444444444444444444444444444444444444444444444444444444444444444444444444444444444444444444444444444444444444444444444444444444444444444444444444444444444444444444444444444444444444444444444444444444444444444444444444444444444444444444444444444444444444444444444444444444444444444444444444444444444444444444444444444444444444444444444444444444444444444444444444444444444444444444444444444444444444444444444444444444444444444444444444444444444444444444444444444444444444444444444444444444444444444444444444444444444444444444444444444444444444444444444444444444444444444444444444444444444444444444444444444444444444444444444444444444444444444444444444444444444444444444444444444444444444444444444444444444444444444444444444444444444444444444444444444444444444444444444444444444444444444444444444444444444444444444444444444444444444444444444444444444444444444444444444444444444444444444444444444444444444444444444444444444444444444444444444444444444444444444444444444444444444444444444444444444444444444444444444444444444444444444444444444444444444444444444444444444444444444444444444444444444444444444444444444444444444444444444444444444444444444444444444444444444444444444444444444444444444444444444444444444444444444444444444444444444444444444444444444444444444444444444444444444444444444444444444444444444444444444444444444444444444444", "author": 1, "created_time": "2019-09-27T07:02:52.686Z", "last_updated_time": "2019-09-28T01:27:33.666Z"}}, {"model": "blog.blog", "pk": 5, "fields": {"title": "for 0 \u7bc7\u535a\u5ba2", "blog_type": 1, "content": "xxxxx:0", "author": 1, "created_time": "2019-09-28T05:22:47.716Z", "last_updated_time": "2019-09-28T05:22:47.716Z"}}, {"model": "blog.blog", "pk": 6, "fields": {"title": "for 1 \u7bc7\u535a\u5ba2", "blog_type": 1, "content": "xxxxx:1", "author": 1, "created_time": "2019-09-28T05:22:47.802Z", "last_updated_time": "2019-09-28T05:22:47.802Z"}}, {"model": "blog.blog", "pk": 7, "fields": {"title": "for 2 \u7bc7\u535a\u5ba2", "blog_type": 1, "content": "xxxxx:2", "author": 1, "created_time": "2019-09-28T05:22:47.887Z", "last_updated_time": "2019-09-28T05:22:47.887Z"}}, {"model": "blog.blog", "pk": 8, "fields": {"title": "for 3 \u7bc7\u535a\u5ba2", "blog_type": 1, "content": "xxxxx:3", "author": 1, "created_time": "2019-09-28T05:22:47.978Z", "last_updated_time": "2019-09-28T05:22:47.978Z"}}, {"model": "blog.blog", "pk": 9, "fields": {"title": "for 4 \u7bc7\u535a\u5ba2", "blog_type": 1, "content": "xxxxx:4", "author": 1, "created_time": "2019-09-28T05:22:48.069Z", "last_updated_time": "2019-09-28T05:22:48.069Z"}}, {"model": "blog.blog", "pk": 10, "fields": {"title": "for 5 \u7bc7\u535a\u5ba2", "blog_type": 1, "content": "xxxxx:5", "author": 1, "created_time": "2019-09-28T05:22:48.145Z", "last_updated_time": "2019-09-28T05:22:48.145Z"}}, {"model": "blog.blog", "pk": 11, "fields": {"title": "for 6 \u7bc7\u535a\u5ba2", "blog_type": 1, "content": "xxxxx:6", "author": 1, "created_time": "2019-09-28T05:22:48.220Z", "last_updated_time": "2019-09-28T05:22:48.220Z"}}, {"model": "blog.blog", "pk": 12, "fields": {"title": "for 7 \u7bc7\u535a\u5ba2", "blog_type": 1, "content": "xxxxx:7", "author": 1, "created_time": "2019-09-28T05:22:48.303Z", "last_updated_time": "2019-09-28T05:22:48.303Z"}}, {"model": "blog.blog", "pk": 13, "fields": {"title": "for 8 \u7bc7\u535a\u5ba2", "blog_type": 1, "content": "xxxxx:8", "author": 1, "created_time": "2019-09-28T05:22:48.369Z", "last_updated_time": "2019-09-28T05:22:48.369Z"}}, {"model": "blog.blog", "pk": 14, "fields": {"title": "for 9 \u7bc7\u535a\u5ba2", "blog_type": 1, "content": "xxxxx:9", "author": 1, "created_time": "2019-09-28T05:22:48.444Z", "last_updated_time": "2019-09-28T05:22:48.444Z"}}, {"model": "blog.blog", "pk": 15, "fields": {"title": "for 10 \u7bc7\u535a\u5ba2", "blog_type": 1, "content": "xxxxx:10", "author": 1, "created_time": "2019-09-28T05:22:48.545Z", "last_updated_time": "2019-09-28T05:22:48.545Z"}}, {"model": "blog.blog", "pk": 16, "fields": {"title": "for 11 \u7bc7\u535a\u5ba2", "blog_type": 1, "content": "xxxxx:11", "author": 1, "created_time": "2019-09-28T05:22:48.619Z", "last_updated_time": "2019-09-28T05:22:48.619Z"}}, {"model": "blog.blog", "pk": 17, "fields": {"title": "for 12 \u7bc7\u535a\u5ba2", "blog_type": 1, "content": "xxxxx:12", "author": 1, "created_time": "2019-09-28T05:22:48.736Z", "last_updated_time": "2019-09-28T05:22:48.736Z"}}, {"model": "blog.blog", "pk": 18, "fields": {"title": "for 13 \u7bc7\u535a\u5ba2", "blog_type": 1, "content": "xxxxx:13", "author": 1, "created_time": "2019-09-28T05:22:48.844Z", "last_updated_time": "2019-09-28T05:22:48.845Z"}}, {"model": "blog.blog", "pk": 19, "fields": {"title": "for 14 \u7bc7\u535a\u5ba2", "blog_type": 1, "content": "xxxxx:14", "author": 1, "created_time": "2019-09-28T05:22:48.953Z", "last_updated_time": "2019-09-28T05:22:48.953Z"}}, {"model": "blog.blog", "pk": 20, "fields": {"title": "for 15 \u7bc7\u535a\u5ba2", "blog_type": 1, "content": "xxxxx:15", "author": 1, "created_time": "2019-09-28T05:22:49.037Z", "last_updated_time": "2019-09-28T05:22:49.037Z"}}, {"model": "blog.blog", "pk": 21, "fields": {"title": "for 16 \u7bc7\u535a\u5ba2", "blog_type": 1, "content": "xxxxx:16", "author": 1, "created_time": "2019-09-28T05:22:49.144Z", "last_updated_time": "2019-09-28T05:22:49.144Z"}}, {"model": "blog.blog", "pk": 22, "fields": {"title": "for 17 \u7bc7\u535a\u5ba2", "blog_type": 1, "content": "xxxxx:17", "author": 1, "created_time": "2019-09-28T05:22:49.320Z", "last_updated_time": "2019-09-28T05:22:49.320Z"}}, {"model": "blog.blog", "pk": 23, "fields": {"title": "for 18 \u7bc7\u535a\u5ba2", "blog_type": 1, "content": "xxxxx:18", "author": 1, "created_time": "2019-09-28T05:22:49.412Z", "last_updated_time": "2019-09-28T05:22:49.412Z"}}, {"model": "blog.blog", "pk": 24, "fields": {"title": "for 19 \u7bc7\u535a\u5ba2", "blog_type": 1, "content": "xxxxx:19", "author": 1, "created_time": "2019-09-28T05:22:49.494Z", "last_updated_time": "2019-09-28T05:22:49.494Z"}}, {"model": "blog.blog", "pk": 25, "fields": {"title": "for 20 \u7bc7\u535a\u5ba2", "blog_type": 1, "content": "xxxxx:20", "author": 1, "created_time": "2019-09-28T05:22:49.603Z", "last_updated_time": "2019-09-28T05:22:49.603Z"}}, {"model": "blog.blog", "pk": 26, "fields": {"title": "for 21 \u7bc7\u535a\u5ba2", "blog_type": 1, "content": "xxxxx:21", "author": 1, "created_time": "2019-09-28T05:22:49.694Z", "last_updated_time": "2019-09-28T05:22:49.694Z"}}, {"model": "blog.blog", "pk": 27, "fields": {"title": "for 22 \u7bc7\u535a\u5ba2", "blog_type": 1, "content": "xxxxx:22", "author": 1, "created_time": "2019-09-28T05:22:49.829Z", "last_updated_time": "2019-09-28T05:22:49.829Z"}}, {"model": "blog.blog", "pk": 28, "fields": {"title": "for 23 \u7bc7\u535a\u5ba2", "blog_type": 1, "content": "xxxxx:23", "author": 1, "created_time": "2019-09-28T05:22:49.919Z", "last_updated_time": "2019-09-28T05:22:49.919Z"}}, {"model": "blog.blog", "pk": 29, "fields": {"title": "for 24 \u7bc7\u535a\u5ba2", "blog_type": 1, "content": "xxxxx:24", "author": 1, "created_time": "2019-09-28T05:22:50.011Z", "last_updated_time": "2019-09-28T05:22:50.011Z"}}, {"model": "blog.blog", "pk": 30, "fields": {"title": "for 25 \u7bc7\u535a\u5ba2", "blog_type": 1, "content": "xxxxx:25", "author": 1, "created_time": "2019-09-28T05:22:50.111Z", "last_updated_time": "2019-09-28T05:22:50.111Z"}}, {"model": "blog.blog", "pk": 31, "fields": {"title": "for 26 \u7bc7\u535a\u5ba2", "blog_type": 1, "content": "xxxxx:26", "author": 1, "created_time": "2019-09-28T05:22:50.194Z", "last_updated_time": "2019-09-28T05:22:50.194Z"}}, {"model": "blog.blog", "pk": 32, "fields": {"title": "for 27 \u7bc7\u535a\u5ba2", "blog_type": 1, "content": "xxxxx:27", "author": 1, "created_time": "2019-09-28T05:22:50.294Z", "last_updated_time": "2019-09-28T05:22:50.294Z"}}, {"model": "blog.blog", "pk": 33, "fields": {"title": "for 28 \u7bc7\u535a\u5ba2", "blog_type": 1, "content": "xxxxx:28", "author": 1, "created_time": "2019-09-28T05:22:50.386Z", "last_updated_time": "2019-09-28T05:22:50.386Z"}}, {"model": "blog.blog", "pk": 34, "fields": {"title": "for 29 \u7bc7\u535a\u5ba2", "blog_type": 1, "content": "xxxxx:29", "author": 1, "created_time": "2019-09-28T05:22:50.462Z", "last_updated_time": "2019-09-28T05:22:50.462Z"}}, {"model": "blog.blog", "pk": 35, "fields": {"title": "for 30 \u7bc7\u535a\u5ba2", "blog_type": 1, "content": "xxxxx:30", "author": 1, "created_time": "2019-09-28T05:22:50.578Z", "last_updated_time": "2019-09-28T05:22:50.578Z"}}, {"model": "blog.blog", "pk": 36, "fields": {"title": "for 31 \u7bc7\u535a\u5ba2", "blog_type": 1, "content": "xxxxx:31", "author": 1, "created_time": "2019-09-28T05:22:50.678Z", "last_updated_time": "2019-09-28T05:22:50.678Z"}}, {"model": "blog.blog", "pk": 37, "fields": {"title": "for 32 \u7bc7\u535a\u5ba2", "blog_type": 1, "content": "xxxxx:32", "author": 1, "created_time": "2019-09-28T05:22:50.753Z", "last_updated_time": "2019-09-28T05:22:50.753Z"}}, {"model": "blog.blog", "pk": 38, "fields": {"title": "for 33 \u7bc7\u535a\u5ba2", "blog_type": 1, "content": "xxxxx:33", "author": 1, "created_time": "2019-09-28T05:22:50.845Z", "last_updated_time": "2019-09-28T05:22:50.845Z"}}, {"model": "blog.blog", "pk": 39, "fields": {"title": "for 34 \u7bc7\u535a\u5ba2", "blog_type": 1, "content": "xxxxx:34", "author": 1, "created_time": "2019-09-28T05:22:50.954Z", "last_updated_time": "2019-09-28T05:22:50.954Z"}}, {"model": "blog.blog", "pk": 40, "fields": {"title": "for 35 \u7bc7\u535a\u5ba2", "blog_type": 1, "content": "xxxxx:35", "author": 1, "created_time": "2019-09-28T05:22:51.082Z", "last_updated_time": "2019-09-28T05:22:51.082Z"}}, {"model": "blog.blog", "pk": 41, "fields": {"title": "for 36 \u7bc7\u535a\u5ba2", "blog_type": 1, "content": "xxxxx:36", "author": 1, "created_time": "2019-09-28T05:22:51.230Z", "last_updated_time": "2019-09-28T05:22:51.230Z"}}, {"model": "blog.blog", "pk": 42, "fields": {"title": "for 37 \u7bc7\u535a\u5ba2", "blog_type": 1, "content": "xxxxx:37", "author": 1, "created_time": "2019-09-28T05:22:51.312Z", "last_updated_time": "2019-09-28T05:22:51.312Z"}}, {"model": "blog.blog", "pk": 43, "fields": {"title": "for 38 \u7bc7\u535a\u5ba2", "blog_type": 1, "content": "xxxxx:38", "author": 1, "created_time": "2019-09-28T05:22:51.482Z", "last_updated_time": "2019-09-28T05:22:51.483Z"}}, {"model": "blog.blog", "pk": 44, "fields": {"title": "for 39 \u7bc7\u535a\u5ba2", "blog_type": 1, "content": "xxxxx:39", "author": 1, "created_time": "2019-09-28T05:22:51.578Z", "last_updated_time": "2019-09-28T05:22:51.578Z"}}, {"model": "blog.blog", "pk": 45, "fields": {"title": "for 40 \u7bc7\u535a\u5ba2", "blog_type": 1, "content": "xxxxx:40", "author": 1, "created_time": "2019-09-28T05:22:51.696Z", "last_updated_time": "2019-09-28T05:22:51.696Z"}}, {"model": "blog.blog", "pk": 46, "fields": {"title": "for 41 \u7bc7\u535a\u5ba2", "blog_type": 1, "content": "xxxxx:41", "author": 1, "created_time": "2019-09-28T05:22:51.820Z", "last_updated_time": "2019-09-28T05:22:51.820Z"}}, {"model": "blog.blog", "pk": 47, "fields": {"title": "for 42 \u7bc7\u535a\u5ba2", "blog_type": 1, "content": "xxxxx:42", "author": 1, "created_time": "2019-09-28T05:22:51.945Z", "last_updated_time": "2019-09-28T05:22:51.945Z"}}, {"model": "blog.blog", "pk": 48, "fields": {"title": "for 43 \u7bc7\u535a\u5ba2", "blog_type": 1, "content": "<p><img alt=\"\" src=\"/media/upload/2019/09/29/1.jpg\" style=\"height:806px; width:1024px\" />xxxxx:43</p>", "author": 1, "created_time": "2019-09-28T05:22:52.062Z", "last_updated_time": "2019-09-29T06:37:11.929Z"}}, {"model": "blog.blog", "pk": 49, "fields": {"title": "for 44 \u7bc7\u535a\u5ba2", "blog_type": 1, "content": "xxxxx:44", "author": 1, "created_time": "2019-09-28T05:22:52.177Z", "last_updated_time": "2019-09-28T05:22:52.177Z"}}, {"model": "blog.blog", "pk": 50, "fields": {"title": "for 45 \u7bc7\u535a\u5ba2", "blog_type": 1, "content": "xxxxx:45", "author": 1, "created_time": "2019-09-28T05:22:52.262Z", "last_updated_time": "2019-09-28T05:22:52.262Z"}}, {"model": "blog.blog", "pk": 51, "fields": {"title": "for 46 \u7bc7\u535a\u5ba2", "blog_type": 1, "content": "xxxxx:46", "author": 1, "created_time": "2019-09-28T05:22:52.412Z", "last_updated_time": "2019-09-28T05:22:52.412Z"}}, {"model": "blog.blog", "pk": 52, "fields": {"title": "for 47 \u7bc7\u535a\u5ba2", "blog_type": 1, "content": "xxxxx:47", "author": 1, "created_time": "2018-08-22T04:56:15Z", "last_updated_time": "2019-09-28T14:31:21.533Z"}}, {"model": "blog.blog", "pk": 53, "fields": {"title": "for 48 \u7bc7\u535a\u5ba2", "blog_type": 1, "content": "xxxxx:48", "author": 1, "created_time": "2019-09-28T05:22:52.654Z", "last_updated_time": "2019-09-28T05:22:52.654Z"}}, {"model": "blog.blog", "pk": 54, "fields": {"title": "for 49 \u7bc7\u535a\u5ba2", "blog_type": 1, "content": "xxxxx:49", "author": 1, "created_time": "2019-09-28T05:22:52.746Z", "last_updated_time": "2019-09-28T05:22:52.746Z"}}, {"model": "comment.comment", "pk": 1, "fields": {"content_type": 8, "object_id": 5, "text": "\u8fd9\u662f\u7b2c\u4e00\u6b21\u8bc4\u8bba\u54e6", "comment_time": "2019-10-03T02:55:32.875Z", "user": 1, "root": null, "parent": null, "reply_to": null}}, {"model": "comment.comment", "pk": 2, "fields": {"content_type": 8, "object_id": 54, "text": "123456", "comment_time": "2019-10-03T07:49:07.082Z", "user": 1, "root": null, "parent": null, "reply_to": null}}, {"model": "comment.comment", "pk": 3, "fields": {"content_type": 8, "object_id": 54, "text": "123\r\n", "comment_time": "2019-10-03T07:49:31.818Z", "user": 1, "root": null, "parent": null, "reply_to": null}}, {"model": "comment.comment", "pk": 4, "fields": {"content_type": 8, "object_id": 54, "text": "222", "comment_time": "2019-10-03T08:04:10.719Z", "user": 1, "root": null, "parent": null, "reply_to": null}}, {"model": "comment.comment", "pk": 5, "fields": {"content_type": 8, "object_id": 54, "text": "333", "comment_time": "2019-10-04T02:33:18.643Z", "user": 1, "root": null, "parent": null, "reply_to": null}}, {"model": "comment.comment", "pk": 6, "fields": {"content_type": 8, "object_id": 54, "text": "555", "comment_time": "2019-10-04T03:05:59.119Z", "user": 1, "root": null, "parent": null, "reply_to": null}}, {"model": "comment.comment", "pk": 7, "fields": {"content_type": 8, "object_id": 54, "text": "<p>666</p>", "comment_time": "2019-10-04T07:06:56.561Z", "user": 1, "root": null, "parent": null, "reply_to": null}}, {"model": "comment.comment", "pk": 8, "fields": {"content_type": 8, "object_id": 54, "text": "<p>111</p>", "comment_time": "2019-10-04T07:45:21.645Z", "user": 1, "root": null, "parent": null, "reply_to": null}}, {"model": "comment.comment", "pk": 9, "fields": {"content_type": 8, "object_id": 54, "text": "<p>222</p>", "comment_time": "2019-10-04T07:47:40.430Z", "user": 1, "root": null, "parent": null, "reply_to": null}}, {"model": "comment.comment", "pk": 10, "fields": {"content_type": 8, "object_id": 54, "text": "<p>222</p>", "comment_time": "2019-10-04T07:50:23.580Z", "user": 1, "root": null, "parent": null, "reply_to": null}}, {"model": "comment.comment", "pk": 11, "fields": {"content_type": 8, "object_id": 54, "text": "<p>222</p>", "comment_time": "2019-10-04T07:50:27.822Z", "user": 1, "root": null, "parent": null, "reply_to": null}}, {"model": "comment.comment", "pk": 12, "fields": {"content_type": 8, "object_id": 54, "text": "<p>999</p>", "comment_time": "2019-10-04T07:50:44.473Z", "user": 1, "root": null, "parent": null, "reply_to": null}}, {"model": "comment.comment", "pk": 13, "fields": {"content_type": 8, "object_id": 54, "text": "<p>666</p>\r\n\r\n<p>&nbsp;</p>", "comment_time": "2019-10-04T07:57:10.975Z", "user": 1, "root": null, "parent": null, "reply_to": null}}, {"model": "comment.comment", "pk": 14, "fields": {"content_type": 8, "object_id": 54, "text": "<p>999</p>", "comment_time": "2019-10-04T08:02:39.192Z", "user": 1, "root": null, "parent": null, "reply_to": null}}, {"model": "comment.comment", "pk": 15, "fields": {"content_type": 8, "object_id": 54, "text": "<p>\u9a71\u868a\u5668\u4e8c</p>", "comment_time": "2019-10-04T08:02:46.311Z", "user": 1, "root": null, "parent": null, "reply_to": null}}, {"model": "comment.comment", "pk": 16, "fields": {"content_type": 8, "object_id": 54, "text": "<p>\u5927\u8428\u8fbe</p>", "comment_time": "2019-10-04T08:02:55.852Z", "user": 1, "root": null, "parent": null, "reply_to": null}}, {"model": "comment.comment", "pk": 17, "fields": {"content_type": 8, "object_id": 54, "text": "<p>555</p>", "comment_time": "2019-10-04T08:03:37.928Z", "user": 1, "root": null, "parent": null, "reply_to": null}}, {"model": "comment.comment", "pk": 18, "fields": {"content_type": 8, "object_id": 54, "text": "<p>\u541e\u541e\u5410\u5410</p>", "comment_time": "2019-10-04T08:15:04.098Z", "user": 1, "root": null, "parent": null, "reply_to": null}}, {"model": "comment.comment", "pk": 19, "fields": {"content_type": 8, "object_id": 53, "text": "<p>11</p>", "comment_time": "2019-10-04T08:20:11.660Z", "user": 1, "root": null, "parent": null, "reply_to": null}}, {"model": "comment.comment", "pk": 20, "fields": {"content_type": 8, "object_id": 54, "text": "huifuhuifufjhufhfuahfuahfuihdfiudhiuf", "comment_time": "2019-10-04T12:43:28.765Z", "user": 1, "root": 1, "parent": 1, "reply_to": 1}}, {"model": "comment.comment", "pk": 21, "fields": {"content_type": 8, "object_id": 54, "text": "fdsafsdfsdfdfsdfadfafaaaaaaaaaaasddddddddddfasdfadfadfadf", "comment_time": "2019-10-04T12:44:40.594Z", "user": 1, "root": 16, "parent": 16, "reply_to": 1}}, {"model": "comment.comment", "pk": 22, "fields": {"content_type": 8, "object_id": 54, "text": "<p>\u5927\u8428\u8fbe\u5965\u672f\u5927\u5e08\u591a</p>", "comment_time": "2019-10-04T14:12:33.952Z", "user": 1, "root": null, "parent": null, "reply_to": null}}, {"model": "comment.comment", "pk": 23, "fields": {"content_type": 8, "object_id": 54, "text": "<p>ZXD\u963f\u8428\u5fb7</p>", "comment_time": "2019-10-04T14:14:35.230Z", "user": 1, "root": null, "parent": null, "reply_to": null}}, {"model": "comment.comment", "pk": 24, "fields": {"content_type": 8, "object_id": 54, "text": "<p>\u5927\u53d4\u5927\u5a76\u591a</p>", "comment_time": "2019-10-04T14:15:10.620Z", "user": 1, "root": null, "parent": null, "reply_to": null}}, {"model": "comment.comment", "pk": 25, "fields": {"content_type": 8, "object_id": 53, "text": "<p>1231313</p>", "comment_time": "2019-10-04T14:26:32.998Z", "user": 1, "root": null, "parent": null, "reply_to": null}}, {"model": "comment.comment", "pk": 26, "fields": {"content_type": 8, "object_id": 53, "text": "<p>\u5927\u8428\u8fbe\u6492</p>", "comment_time": "2019-10-04T14:38:31.171Z", "user": 1, "root": null, "parent": null, "reply_to": null}}, {"model": "comment.comment", "pk": 27, "fields": {"content_type": 8, "object_id": 53, "text": "<p>adfadfadf</p>", "comment_time": "2019-10-05T02:33:32.961Z", "user": 1, "root": 26, "parent": 26, "reply_to": 1}}, {"model": "comment.comment", "pk": 28, "fields": {"content_type": 8, "object_id": 53, "text": "<p>fadfad</p>", "comment_time": "2019-10-05T02:33:47.063Z", "user": 1, "root": null, "parent": null, "reply_to": null}}, {"model": "comment.comment", "pk": 29, "fields": {"content_type": 8, "object_id": 53, "text": "<p>adsdas</p>", "comment_time": "2019-10-05T02:58:04.681Z", "user": 1, "root": 28, "parent": 28, "reply_to": 1}}, {"model": "comment.comment", "pk": 30, "fields": {"content_type": 8, "object_id": 53, "text": "<p>dsadsD</p>", "comment_time": "2019-10-05T02:58:13.636Z", "user": 1, "root": 28, "parent": 29, "reply_to": 1}}, {"model": "comment.comment", "pk": 31, "fields": {"content_type": 8, "object_id": 53, "text": "<p>DASDASDAS</p>", "comment_time": "2019-10-05T02:58:17.262Z", "user": 1, "root": null, "parent": null, "reply_to": null}}, {"model": "comment.comment", "pk": 32, "fields": {"content_type": 8, "object_id": 53, "text": "<p>ASDASD</p>", "comment_time": "2019-10-05T02:58:22.590Z", "user": 1, "root": null, "parent": null, "reply_to": null}}, {"model": "comment.comment", "pk": 33, "fields": {"content_type": 8, "object_id": 53, "text": "<p>SADASD</p>", "comment_time": "2019-10-05T02:58:30.715Z", "user": 1, "root": 31, "parent": 31, "reply_to": 1}}, {"model": "comment.comment", "pk": 34, "fields": {"content_type": 8, "object_id": 53, "text": "<p>DASDASS</p>", "comment_time": "2019-10-05T02:58:37.067Z", "user": 1, "root": 32, "parent": 32, "reply_to": 1}}, {"model": "comment.comment", "pk": 35, "fields": {"content_type": 8, "object_id": 53, "text": "<p>DASDASDASD</p>", "comment_time": "2019-10-05T02:58:46.879Z", "user": 1, "root": 28, "parent": 30, "reply_to": 1}}, {"model": "comment.comment", "pk": 36, "fields": {"content_type": 8, "object_id": 51, "text": "<p>dfaf</p>", "comment_time": "2019-10-05T03:29:52.066Z", "user": 1, "root": null, "parent": null, "reply_to": null}}, {"model": "comment.comment", "pk": 37, "fields": {"content_type": 8, "object_id": 51, "text": "<p>adasd</p>", "comment_time": "2019-10-05T03:29:58.849Z", "user": 1, "root": 36, "parent": 36, "reply_to": 1}}, {"model": "comment.comment", "pk": 38, "fields": {"content_type": 8, "object_id": 50, "text": "<p>ads</p>", "comment_time": "2019-10-05T03:47:44.553Z", "user": 1, "root": null, "parent": null, "reply_to": null}}, {"model": "comment.comment", "pk": 39, "fields": {"content_type": 8, "object_id": 50, "text": "<p>\u5965\u672f\u5927\u5e08\u5927\u6240\u591a\u6240\u6253\u7b97</p>", "comment_time": "2019-10-05T03:50:59.361Z", "user": 1, "root": null, "parent": null, "reply_to": null}}, {"model": "comment.comment", "pk": 40, "fields": {"content_type": 8, "object_id": 50, "text": "<p>Asdasd</p>", "comment_time": "2019-10-05T03:51:43.259Z", "user": 1, "root": null, "parent": null, "reply_to": null}}, {"model": "comment.comment", "pk": 41, "fields": {"content_type": 8, "object_id": 54, "text": "<p>erterrrrrrrrrrrt</p>", "comment_time": "2019-10-06T05:13:27.496Z", "user": 1, "root": null, "parent": null, "reply_to": null}}, {"model": "comment.comment", "pk": 42, "fields": {"content_type": 8, "object_id": 54, "text": "<p>ggghggj</p>", "comment_time": "2019-10-06T06:20:42.218Z", "user": 1, "root": null, "parent": null, "reply_to": null}}, {"model": "likes.likerecord", "pk": 2, "fields": {"content_type": 8, "object_id": 53, "user": 1, "liked_time": "2019-10-06T03:32:43.387Z"}}, {"model": "likes.likerecord", "pk": 4, "fields": {"content_type": 12, "object_id": 18, "user": 1, "liked_time": "2019-10-06T04:03:03.505Z"}}, {"model": "likes.likerecord", "pk": 5, "fields": {"content_type": 12, "object_id": 21, "user": 1, "liked_time": "2019-10-06T04:03:06.316Z"}}, {"model": "likes.likerecord", "pk": 6, "fields": {"content_type": 12, "object_id": 41, "user": 1, "liked_time": "2019-10-06T05:13:30.831Z"}}, {"model": "likes.likerecord", "pk": 7, "fields": {"content_type": 12, "object_id": 42, "user": 1, "liked_time": "2019-10-06T06:20:45.551Z"}}, {"model": "user.profile", "pk": 1, "fields": {"user": 1, "nickname": "hehe"}}, {"model": "admin.logentry", "pk": 1, "fields": {"action_time": "2019-09-26T13:18:44.817Z", "user": 1, "content_type": 7, "object_id": "1", "object_repr": "BlogType object (1)", "action_flag": 1, "change_message": "[{\"added\": {}}]"}}, {"model": "admin.logentry", "pk": 2, "fields": {"action_time": "2019-09-26T13:18:53.303Z", "user": 1, "content_type": 7, "object_id": "2", "object_repr": "BlogType object (2)", "action_flag": 1, "change_message": "[{\"added\": {}}]"}}, {"model": "admin.logentry", "pk": 3, "fields": {"action_time": "2019-09-26T13:18:57.714Z", "user": 1, "content_type": 7, "object_id": "3", "object_repr": "BlogType object (3)", "action_flag": 1, "change_message": "[{\"added\": {}}]"}}, {"model": "admin.logentry", "pk": 4, "fields": {"action_time": "2019-09-26T13:21:58.943Z", "user": 1, "content_type": 8, "object_id": "1", "object_repr": "<Blog:\u7b2c\u4e00\u7bc7\u535a\u5ba2>", "action_flag": 1, "change_message": "[{\"added\": {}}]"}}, {"model": "admin.logentry", "pk": 5, "fields": {"action_time": "2019-09-26T13:22:08.350Z", "user": 1, "content_type": 8, "object_id": "2", "object_repr": "<Blog:\u7b2c\u4e8c\u7bc7\u535a\u5ba2>", "action_flag": 1, "change_message": "[{\"added\": {}}]"}}, {"model": "admin.logentry", "pk": 6, "fields": {"action_time": "2019-09-26T13:22:17.382Z", "user": 1, "content_type": 8, "object_id": "3", "object_repr": "<Blog:\u7b2c\u4e09\u7bc7\u535a\u5ba2>", "action_flag": 1, "change_message": "[{\"added\": {}}]"}}, {"model": "admin.logentry", "pk": 7, "fields": {"action_time": "2019-09-27T07:02:52.688Z", "user": 1, "content_type": 8, "object_id": "4", "object_repr": "<Blog:\u7b2c\u56db\u7bc7\u535a\u5ba2>", "action_flag": 1, "change_message": "[{\"added\": {}}]"}}, {"model": "admin.logentry", "pk": 8, "fields": {"action_time": "2019-09-27T14:49:30.734Z", "user": 1, "content_type": 8, "object_id": "4", "object_repr": "<Blog:\u7b2c\u56db\u7bc7\u535a\u5ba2>", "action_flag": 2, "change_message": "[{\"changed\": {\"fields\": [\"content\"]}}]"}}, {"model": "admin.logentry", "pk": 9, "fields": {"action_time": "2019-09-28T01:27:33.670Z", "user": 1, "content_type": 8, "object_id": "4", "object_repr": "<Blog:\u7b2c\u56db\u7bc7\u535a\u5ba2>", "action_flag": 2, "change_message": "[{\"changed\": {\"fields\": [\"content\"]}}]"}}, {"model": "admin.logentry", "pk": 10, "fields": {"action_time": "2019-09-29T06:37:11.932Z", "user": 1, "content_type": 8, "object_id": "48", "object_repr": "<Blog:for 43 \u7bc7\u535a\u5ba2>", "action_flag": 2, "change_message": "[{\"changed\": {\"fields\": [\"content\"]}}]"}}, {"model": "admin.logentry", "pk": 11, "fields": {"action_time": "2019-09-29T12:43:38.917Z", "user": 1, "content_type": 10, "object_id": "1", "object_repr": "ReadNum object (1)", "action_flag": 1, "change_message": "[{\"added\": {}}]"}}, {"model": "admin.logentry", "pk": 12, "fields": {"action_time": "2019-10-02T02:48:22.678Z", "user": 1, "content_type": 11, "object_id": "1", "object_repr": "ReadDetail object (1)", "action_flag": 1, "change_message": "[{\"added\": {}}]"}}, {"model": "admin.logentry", "pk": 13, "fields": {"action_time": "2019-10-02T02:48:44.201Z", "user": 1, "content_type": 11, "object_id": "2", "object_repr": "ReadDetail object (2)", "action_flag": 1, "change_message": "[{\"added\": {}}]"}}, {"model": "admin.logentry", "pk": 14, "fields": {"action_time": "2019-10-03T02:55:32.877Z", "user": 1, "content_type": 12, "object_id": "1", "object_repr": "Comment object (1)", "action_flag": 1, "change_message": "[{\"added\": {}}]"}}, {"model": "admin.logentry", "pk": 15, "fields": {"action_time": "2019-10-04T12:43:28.767Z", "user": 1, "content_type": 12, "object_id": "20", "object_repr": "huifuhuifufjhufhfuahfuahfuihdfiudhiuf", "action_flag": 1, "change_message": "[{\"added\": {}}]"}}, {"model": "admin.logentry", "pk": 16, "fields": {"action_time": "2019-10-04T12:44:40.596Z", "user": 1, "content_type": 12, "object_id": "21", "object_repr": "fdsafsdfsdfdfsdfadfafaaaaaaaaaaasddddddddddfasdfadfadfadf", "action_flag": 1, "change_message": "[{\"added\": {}}]"}}, {"model": "admin.logentry", "pk": 17, "fields": {"action_time": "2019-10-07T12:43:11.463Z", "user": 1, "content_type": 15, "object_id": "1", "object_repr": "<Profile>:\u5434\u4fa8\u5fe0 for pc", "action_flag": 1, "change_message": "[{\"added\": {}}]"}}, {"model": "admin.logentry", "pk": 18, "fields": {"action_time": "2019-10-08T08:54:34.985Z", "user": 1, "content_type": 4, "object_id": "1", "object_repr": "pc", "action_flag": 2, "change_message": "[{\"changed\": {\"fields\": [\"email\"]}}]"}}, {"model": "admin.logentry", "pk": 19, "fields": {"action_time": "2019-10-08T08:58:32.908Z", "user": 1, "content_type": 4, "object_id": "1", "object_repr": "pc", "action_flag": 2, "change_message": "[{\"changed\": {\"fields\": [\"email\"]}}]"}}]